-- phpMyAdmin SQL Dump
-- version 4.4.15.10
-- https://www.phpmyadmin.net
--
-- Client :  localhost
-- Généré le :  Mer 13 Juin 2018 à 17:21
-- Version du serveur :  5.5.56-MariaDB
-- Version de PHP :  5.4.16

SET SQL_MODE = "NO_AUTO_VALUE_ON_ZERO";
SET time_zone = "+00:00";


/*!40101 SET @OLD_CHARACTER_SET_CLIENT=@@CHARACTER_SET_CLIENT */;
/*!40101 SET @OLD_CHARACTER_SET_RESULTS=@@CHARACTER_SET_RESULTS */;
/*!40101 SET @OLD_COLLATION_CONNECTION=@@COLLATION_CONNECTION */;
/*!40101 SET NAMES utf8mb4 */;

--
-- Base de données :  `p1606501`
--

-- --------------------------------------------------------

--
-- Structure de la table `Echange`
--

CREATE TABLE IF NOT EXISTS `Echange` (
  `IdEchange` int(11) NOT NULL,
  `Denomination` varchar(250) NOT NULL,
  `acronyme` varchar(250) CHARACTER SET utf8 DEFAULT NULL
) ENGINE=InnoDB AUTO_INCREMENT=27 DEFAULT CHARSET=latin1;

--
-- Contenu de la table `Echange`
--

INSERT INTO `Echange` (`IdEchange`, `Denomination`, `acronyme`) VALUES
(1, 'Demande Taxi', 'DT'),
(2, 'Commande Repas', 'CR'),
(23, 'fdsf', 'fsdfsd'),
(24, 'test', 'tset'),
(25, 'test', 'tset'),
(26, 'test', 'tset');

-- --------------------------------------------------------

--
-- Structure de la table `Liaison_VIP_Echange`
--

CREATE TABLE IF NOT EXISTS `Liaison_VIP_Echange` (
  `IdLiaisonVIP` int(11) NOT NULL,
  `IdPers` int(11) NOT NULL,
  `IdEchange` int(11) NOT NULL,
  `IdStaff` int(11) NOT NULL,
  `Detail` varchar(250) NOT NULL
) ENGINE=InnoDB AUTO_INCREMENT=39 DEFAULT CHARSET=latin1;

--
-- Contenu de la table `Liaison_VIP_Echange`
--

INSERT INTO `Liaison_VIP_Echange` (`IdLiaisonVIP`, `IdPers`, `IdEchange`, `IdStaff`, `Detail`) VALUES
(1, 2, 1, 1, 'Sushi'),
(2, 2, 2, 1, 'Sushi'),
(3, 2, 1, 1, '15h'),
(4, 2, 2, 1, 'Salade'),
(5, 11, 1, 111, '20h'),
(7, 3, 2, 111, 'Poulet'),
(8, 2, 2, 111, 'Poulet'),
(9, 3, 1, 111, '21'),
(10, 3, 1, 111, '21'),
(11, 3, 2, 1, 'Homard'),
(12, 4, 1, 1, '24h'),
(13, 4, 1, 1, '10h'),
(14, 4, 1, 1, '10h'),
(15, 20, 1, 1, '19h'),
(16, 20, 1, 1, '17h'),
(17, 20, 1, 1, '17h'),
(18, 4, 2, 1, 'Salade'),
(19, 4, 2, 1, 'Salade'),
(20, 4, 2, 1, 'Salade'),
(21, 4, 2, 1, 'Salade'),
(22, 4, 2, 1, 'Salade'),
(23, 4, 2, 1, 'Salade'),
(24, 4, 2, 1, 'Salade'),
(25, 15, 1, 1, '20h'),
(26, 15, 1, 1, '20h'),
(27, 15, 1, 1, '20h'),
(28, 15, 1, 1, '20h'),
(29, 15, 1, 1, '20h'),
(30, 15, 1, 1, '20h'),
(31, 6, 2, 1, 'test'),
(37, 6, 2, 1, 'salde'),
(38, 32, 1, 111, '15h');

-- --------------------------------------------------------

--
-- Structure de la table `Personne`
--

CREATE TABLE IF NOT EXISTS `Personne` (
  `Id_Pers` int(11) NOT NULL,
  `Prenom` varchar(250) CHARACTER SET utf8 NOT NULL,
  `Nom` varchar(250) CHARACTER SET utf8 NOT NULL,
  `Id_Photo` int(11) NOT NULL
) ENGINE=InnoDB AUTO_INCREMENT=201 DEFAULT CHARSET=latin1;

--
-- Contenu de la table `Personne`
--

INSERT INTO `Personne` (`Id_Pers`, `Prenom`, `Nom`, `Id_Photo`) VALUES
(1, 'aaaa', 'aaaa', 1),
(2, 'bbbb', 'bbbb', 2),
(3, 'cccc', 'cccc', 3),
(4, 'Kane', 'Cote', 4),
(5, 'Gavin', 'Morrison', 5),
(6, 'Asher', 'Saunders', 6),
(7, 'Marvin', 'Wood', 7),
(8, 'Rashad', 'Valdez', 8),
(9, 'Duncan', 'Cabrera', 9),
(10, 'Erich', 'Mcknight', 10),
(11, 'Malachi', 'Atkins', 11),
(12, 'Hedley', 'Spence', 12),
(13, 'Garrett', 'Collier', 13),
(14, 'Orson', 'Melendez', 14),
(15, 'Igor', 'Warren', 15),
(16, 'William', 'Owens', 16),
(17, 'Colin', 'Decker', 17),
(18, 'Hoyt', 'Jennings', 18),
(19, 'Devin', 'Blackwell', 19),
(20, 'Lars', 'Nguyen', 20),
(21, 'Ralph', 'Lynch', 21),
(22, 'Kato', 'Joyner', 22),
(23, 'Stuart', 'Gomez', 23),
(24, 'Calvin', 'Holcomb', 24),
(25, 'Clayton', 'Vega', 25),
(26, 'Jonah', 'Mckinney', 26),
(27, 'Rahim', 'Preston', 27),
(28, 'Gary', 'Swanson', 28),
(29, 'Hop', 'Lynn', 29),
(30, 'Alexander', 'Mcgee', 30),
(31, 'Fitzgerald', 'Macias', 31),
(32, 'Buckminster', 'Gibson', 32),
(33, 'Vaughan', 'Peck', 33),
(34, 'Avram', 'Kent', 34),
(35, 'William', 'Morin', 35),
(36, 'Brock', 'Powers', 36),
(37, 'Herman', 'Houston', 37),
(38, 'Dane', 'Briggs', 38),
(39, 'Boris', 'Avery', 39),
(40, 'Ray', 'Mcdowell', 40),
(41, 'Merritt', 'Hogan', 41),
(42, 'Joel', 'Andrews', 42),
(43, 'Jordan', 'Rocha', 43),
(44, 'Evan', 'Kelly', 44),
(45, 'Malachi', 'Murphy', 45),
(46, 'Curran', 'Knight', 46),
(47, 'Amal', 'Duke', 47),
(48, 'Dale', 'Newman', 48),
(49, 'Demetrius', 'Velasquez', 49),
(50, 'Ezra', 'Curtis', 50),
(51, 'Cyrus', 'Yates', 51),
(52, 'Zahir', 'Mcfarland', 52),
(53, 'Nero', 'Bartlett', 53),
(54, 'Basil', 'Cain', 54),
(55, 'Zahir', 'Martin', 55),
(56, 'Wing', 'Myers', 56),
(57, 'Mannix', 'Ayers', 57),
(58, 'Elvis', 'Stevens', 58),
(59, 'Keith', 'Hamilton', 59),
(60, 'Asher', 'Wright', 60),
(61, 'Jamal', 'Marks', 61),
(62, 'Kadeem', 'Gilliam', 62),
(63, 'Fitzgerald', 'Rose', 63),
(64, 'Wang', 'Calhoun', 64),
(65, 'Abdul', 'Nash', 65),
(66, 'Forrest', 'Eaton', 66),
(67, 'Ishmael', 'Bates', 67),
(68, 'Odysseus', 'Rollins', 68),
(69, 'John', 'Lott', 69),
(70, 'Tucker', 'Martinez', 70),
(71, 'Orlando', 'Lowery', 71),
(72, 'Hunter', 'Johnston', 72),
(73, 'Hoyt', 'Hansen', 73),
(74, 'Armando', 'Hoover', 74),
(75, 'Jonas', 'Reyes', 75),
(76, 'Keaton', 'Lawrence', 76),
(77, 'Kyle', 'Duke', 77),
(78, 'Zephania', 'Rodgers', 78),
(79, 'Vaughan', 'Jennings', 79),
(80, 'Thaddeus', 'Chambers', 80),
(81, 'Elton', 'Browning', 81),
(82, 'Lance', 'Lee', 82),
(83, 'Brennan', 'Hicks', 83),
(84, 'Brendan', 'Craft', 84),
(85, 'Chaney', 'Armstrong', 85),
(86, 'Wallace', 'Trevino', 86),
(87, 'Keith', 'Ochoa', 87),
(88, 'Timothy', 'Bates', 88),
(89, 'Patrick', 'Little', 89),
(90, 'Wayne', 'Bean', 90),
(91, 'Clark', 'Lyons', 91),
(92, 'Salvador', 'Hull', 92),
(93, 'Byron', 'Branch', 93),
(94, 'Trevor', 'Kaufman', 94),
(95, 'Hayden', 'Booth', 95),
(96, 'Alec', 'Barr', 96),
(97, 'Tad', 'Campbell', 97),
(98, 'Eagan', 'Foster', 98),
(99, 'Samson', 'Snow', 99),
(100, 'Reece', 'Cooley', 100),
(101, 'Devin', 'Puckett', 101),
(102, 'Dominique', 'Holloway', 102),
(103, 'Cruz', 'Fletcher', 103),
(104, 'John', 'Rogers', 104),
(105, 'Dennis', 'Lewis', 105),
(106, 'Brenden', 'Giles', 106),
(107, 'Joy', 'Crane', 107),
(108, 'Vladimir', 'King', 108),
(109, 'Sasha', 'Cortez', 109),
(110, 'Price', 'King', 110),
(111, 'Robert', 'Hurley', 111),
(112, 'Nasim', 'Horton', 112),
(113, 'Alec', 'Day', 113),
(114, 'Eve', 'Wiggins', 114),
(115, 'Conan', 'Cantu', 115),
(116, 'Rae', 'Jimenez', 116),
(117, 'Jael', 'Combs', 117),
(118, 'Karina', 'Lang', 118),
(119, 'Salvador', 'Donaldson', 119),
(120, 'Orli', 'Whitfield', 120),
(121, 'Wesley', 'Kirby', 121),
(122, 'Jackson', 'Edwards', 122),
(123, 'Rebecca', 'Crosby', 123),
(124, 'Ray', 'Pugh', 124),
(125, 'Richard', 'Rice', 125),
(126, 'Benedict', 'Fuentes', 126),
(127, 'Oleg', 'Sampson', 127),
(128, 'Armand', 'Mcdowell', 128),
(129, 'Brenna', 'Carr', 129),
(130, 'Bell', 'Levy', 130),
(131, 'Adara', 'Soto', 131),
(132, 'Chancellor', 'Morgan', 132),
(133, 'Richard', 'Baker', 133),
(134, 'Owen', 'Cook', 134),
(135, 'Kadeem', 'Short', 135),
(136, 'Dylan', 'Hogan', 136),
(137, 'Brianna', 'Hines', 137),
(138, 'Nora', 'Workman', 138),
(139, 'Aurelia', 'Chavez', 139),
(140, 'Finn', 'Simpson', 140),
(141, 'Chanda', 'Beach', 141),
(142, 'Lawrence', 'Torres', 142),
(143, 'Carson', 'Powers', 143),
(144, 'Mannix', 'Clark', 144),
(145, 'Kibo', 'Cain', 145),
(146, 'Ferdinand', 'Hopper', 146),
(147, 'Desiree', 'Donaldson', 147),
(148, 'Barry', 'Spencer', 148),
(149, 'Yen', 'Rojas', 149),
(150, 'Clio', 'Mckinney', 150),
(151, 'Yuri', 'House', 151),
(152, 'Scarlett', 'Fernandez', 152),
(153, 'Tyler', 'Cortez', 153),
(154, 'Logan', 'Rodgers', 154),
(155, 'Anjolie', 'Nicholson', 155),
(156, 'Lysandra', 'Dejesus', 156),
(157, 'Abbot', 'Hartman', 157),
(158, 'Brett', 'Stuart', 158),
(159, 'William', 'Macias', 159),
(160, 'Eden', 'Armstrong', 160),
(161, 'Todd', 'Hardy', 161),
(162, 'Ezra', 'Patel', 162),
(163, 'Uta', 'Price', 163),
(164, 'Eugenia', 'Grant', 164),
(165, 'Mary', 'Austin', 165),
(166, 'Wallace', 'Barber', 166),
(167, 'Brynn', 'Mathis', 167),
(168, 'Emmanuel', 'Justice', 168),
(169, 'Thaddeus', 'Joyce', 169),
(170, 'Gwendolyn', 'Hudson', 170),
(171, 'Jolene', 'Wyatt', 171),
(172, 'Noble', 'Merritt', 172),
(173, 'Farrah', 'Harrington', 173),
(174, 'Haley', 'Good', 174),
(175, 'Bruno', 'Roach', 175),
(176, 'Hillary', 'Hardy', 176),
(177, 'Wylie', 'Guy', 177),
(178, 'Kareem', 'Carpenter', 178),
(179, 'Timothy', 'Yates', 179),
(180, 'Lyle', 'Pierce', 180),
(181, 'Logan', 'Carpenter', 181),
(182, 'Lillith', 'Pickett', 182),
(183, 'Bethany', 'Sawyer', 183),
(184, 'Aurelia', 'Haynes', 184),
(185, 'Magee', 'Santos', 185),
(186, 'Blaine', 'Gregory', 186),
(187, 'Vernon', 'Savage', 187),
(188, 'Fletcher', 'Whitney', 188),
(189, 'Gareth', 'Webb', 189),
(190, 'Dora', 'Shelton', 190),
(191, 'Adena', 'Cochran', 191),
(192, 'Madaline', 'Mccall', 192),
(193, 'Nadine', 'Hardy', 193),
(194, 'Hop', 'Kline', 194),
(195, 'Rowan', 'Harper', 195),
(196, 'Keefe', 'Osborn', 196),
(197, 'Rhiannon', 'Mack', 197),
(198, 'Darius', 'Bradley', 198),
(199, 'Scott', 'Zamora', 199),
(200, 'Xena', 'Shaffer', 200);

-- --------------------------------------------------------

--
-- Structure de la table `Photo`
--

CREATE TABLE IF NOT EXISTS `Photo` (
  `IdPhoto` int(11) NOT NULL,
  `Lien` varchar(250) CHARACTER SET utf8 NOT NULL
) ENGINE=InnoDB AUTO_INCREMENT=201 DEFAULT CHARSET=latin1;

--
-- Contenu de la table `Photo`
--

INSERT INTO `Photo` (`IdPhoto`, `Lien`) VALUES
(1, 'https://previews.123rf.com/images/roxanabalint/roxanabalint1210/roxanabalint121000034/15745681-r%C3%A9sum%C3%A9-timbre-en-caoutchouc-grunge-avec-le-personnel-seul-texte-%C3%A9crit-%C3%A0-l-int%C3%A9rieur-du-timbre-illustration-.jpg'),
(2, 'https://encrypted-tbn0.gstatic.com/images?q=tbn:ANd9GcRQtQPBhOizo-sRXosnbi0Y8v6Yth_1P6ZS8C9hdsHW6Yiks3zoeQ'),
(3, 'https://encrypted-tbn0.gstatic.com/images?q=tbn:ANd9GcRQtQPBhOizo-sRXosnbi0Y8v6Yth_1P6ZS8C9hdsHW6Yiks3zoeQ'),
(4, 'https://encrypted-tbn0.gstatic.com/images?q=tbn:ANd9GcRQtQPBhOizo-sRXosnbi0Y8v6Yth_1P6ZS8C9hdsHW6Yiks3zoeQ'),
(5, 'https://encrypted-tbn0.gstatic.com/images?q=tbn:ANd9GcRQtQPBhOizo-sRXosnbi0Y8v6Yth_1P6ZS8C9hdsHW6Yiks3zoeQ'),
(6, 'https://encrypted-tbn0.gstatic.com/images?q=tbn:ANd9GcRQtQPBhOizo-sRXosnbi0Y8v6Yth_1P6ZS8C9hdsHW6Yiks3zoeQ'),
(7, 'https://encrypted-tbn0.gstatic.com/images?q=tbn:ANd9GcRQtQPBhOizo-sRXosnbi0Y8v6Yth_1P6ZS8C9hdsHW6Yiks3zoeQ'),
(8, 'https://encrypted-tbn0.gstatic.com/images?q=tbn:ANd9GcRQtQPBhOizo-sRXosnbi0Y8v6Yth_1P6ZS8C9hdsHW6Yiks3zoeQ'),
(9, 'https://encrypted-tbn0.gstatic.com/images?q=tbn:ANd9GcRQtQPBhOizo-sRXosnbi0Y8v6Yth_1P6ZS8C9hdsHW6Yiks3zoeQ'),
(10, 'https://encrypted-tbn0.gstatic.com/images?q=tbn:ANd9GcRQtQPBhOizo-sRXosnbi0Y8v6Yth_1P6ZS8C9hdsHW6Yiks3zoeQ'),
(11, 'https://encrypted-tbn0.gstatic.com/images?q=tbn:ANd9GcRQtQPBhOizo-sRXosnbi0Y8v6Yth_1P6ZS8C9hdsHW6Yiks3zoeQ'),
(12, 'https://encrypted-tbn0.gstatic.com/images?q=tbn:ANd9GcRQtQPBhOizo-sRXosnbi0Y8v6Yth_1P6ZS8C9hdsHW6Yiks3zoeQ'),
(13, 'https://encrypted-tbn0.gstatic.com/images?q=tbn:ANd9GcRQtQPBhOizo-sRXosnbi0Y8v6Yth_1P6ZS8C9hdsHW6Yiks3zoeQ'),
(14, 'https://encrypted-tbn0.gstatic.com/images?q=tbn:ANd9GcRQtQPBhOizo-sRXosnbi0Y8v6Yth_1P6ZS8C9hdsHW6Yiks3zoeQ'),
(15, 'https://encrypted-tbn0.gstatic.com/images?q=tbn:ANd9GcRQtQPBhOizo-sRXosnbi0Y8v6Yth_1P6ZS8C9hdsHW6Yiks3zoeQ'),
(16, 'https://encrypted-tbn0.gstatic.com/images?q=tbn:ANd9GcRQtQPBhOizo-sRXosnbi0Y8v6Yth_1P6ZS8C9hdsHW6Yiks3zoeQ'),
(17, 'https://encrypted-tbn0.gstatic.com/images?q=tbn:ANd9GcRQtQPBhOizo-sRXosnbi0Y8v6Yth_1P6ZS8C9hdsHW6Yiks3zoeQ'),
(18, 'https://encrypted-tbn0.gstatic.com/images?q=tbn:ANd9GcRQtQPBhOizo-sRXosnbi0Y8v6Yth_1P6ZS8C9hdsHW6Yiks3zoeQ'),
(19, 'https://encrypted-tbn0.gstatic.com/images?q=tbn:ANd9GcRQtQPBhOizo-sRXosnbi0Y8v6Yth_1P6ZS8C9hdsHW6Yiks3zoeQ'),
(20, 'https://encrypted-tbn0.gstatic.com/images?q=tbn:ANd9GcRQtQPBhOizo-sRXosnbi0Y8v6Yth_1P6ZS8C9hdsHW6Yiks3zoeQ'),
(21, 'https://encrypted-tbn0.gstatic.com/images?q=tbn:ANd9GcRQtQPBhOizo-sRXosnbi0Y8v6Yth_1P6ZS8C9hdsHW6Yiks3zoeQ'),
(22, 'https://encrypted-tbn0.gstatic.com/images?q=tbn:ANd9GcRQtQPBhOizo-sRXosnbi0Y8v6Yth_1P6ZS8C9hdsHW6Yiks3zoeQ'),
(23, 'https://encrypted-tbn0.gstatic.com/images?q=tbn:ANd9GcRQtQPBhOizo-sRXosnbi0Y8v6Yth_1P6ZS8C9hdsHW6Yiks3zoeQ'),
(24, 'https://encrypted-tbn0.gstatic.com/images?q=tbn:ANd9GcRQtQPBhOizo-sRXosnbi0Y8v6Yth_1P6ZS8C9hdsHW6Yiks3zoeQ'),
(25, 'https://encrypted-tbn0.gstatic.com/images?q=tbn:ANd9GcRQtQPBhOizo-sRXosnbi0Y8v6Yth_1P6ZS8C9hdsHW6Yiks3zoeQ'),
(26, 'https://encrypted-tbn0.gstatic.com/images?q=tbn:ANd9GcRQtQPBhOizo-sRXosnbi0Y8v6Yth_1P6ZS8C9hdsHW6Yiks3zoeQ'),
(27, 'https://encrypted-tbn0.gstatic.com/images?q=tbn:ANd9GcRQtQPBhOizo-sRXosnbi0Y8v6Yth_1P6ZS8C9hdsHW6Yiks3zoeQ'),
(28, 'https://encrypted-tbn0.gstatic.com/images?q=tbn:ANd9GcRQtQPBhOizo-sRXosnbi0Y8v6Yth_1P6ZS8C9hdsHW6Yiks3zoeQ'),
(29, 'https://encrypted-tbn0.gstatic.com/images?q=tbn:ANd9GcRQtQPBhOizo-sRXosnbi0Y8v6Yth_1P6ZS8C9hdsHW6Yiks3zoeQ'),
(30, 'https://encrypted-tbn0.gstatic.com/images?q=tbn:ANd9GcRQtQPBhOizo-sRXosnbi0Y8v6Yth_1P6ZS8C9hdsHW6Yiks3zoeQ'),
(31, 'https://encrypted-tbn0.gstatic.com/images?q=tbn:ANd9GcRQtQPBhOizo-sRXosnbi0Y8v6Yth_1P6ZS8C9hdsHW6Yiks3zoeQ'),
(32, 'https://encrypted-tbn0.gstatic.com/images?q=tbn:ANd9GcRQtQPBhOizo-sRXosnbi0Y8v6Yth_1P6ZS8C9hdsHW6Yiks3zoeQ'),
(33, 'https://encrypted-tbn0.gstatic.com/images?q=tbn:ANd9GcRQtQPBhOizo-sRXosnbi0Y8v6Yth_1P6ZS8C9hdsHW6Yiks3zoeQ'),
(34, 'https://encrypted-tbn0.gstatic.com/images?q=tbn:ANd9GcRQtQPBhOizo-sRXosnbi0Y8v6Yth_1P6ZS8C9hdsHW6Yiks3zoeQ'),
(35, 'https://encrypted-tbn0.gstatic.com/images?q=tbn:ANd9GcRQtQPBhOizo-sRXosnbi0Y8v6Yth_1P6ZS8C9hdsHW6Yiks3zoeQ'),
(36, 'https://encrypted-tbn0.gstatic.com/images?q=tbn:ANd9GcRQtQPBhOizo-sRXosnbi0Y8v6Yth_1P6ZS8C9hdsHW6Yiks3zoeQ'),
(37, 'https://encrypted-tbn0.gstatic.com/images?q=tbn:ANd9GcRQtQPBhOizo-sRXosnbi0Y8v6Yth_1P6ZS8C9hdsHW6Yiks3zoeQ'),
(38, 'https://encrypted-tbn0.gstatic.com/images?q=tbn:ANd9GcRQtQPBhOizo-sRXosnbi0Y8v6Yth_1P6ZS8C9hdsHW6Yiks3zoeQ'),
(39, 'https://encrypted-tbn0.gstatic.com/images?q=tbn:ANd9GcRQtQPBhOizo-sRXosnbi0Y8v6Yth_1P6ZS8C9hdsHW6Yiks3zoeQ'),
(40, 'https://encrypted-tbn0.gstatic.com/images?q=tbn:ANd9GcRQtQPBhOizo-sRXosnbi0Y8v6Yth_1P6ZS8C9hdsHW6Yiks3zoeQ'),
(41, 'https://encrypted-tbn0.gstatic.com/images?q=tbn:ANd9GcRQtQPBhOizo-sRXosnbi0Y8v6Yth_1P6ZS8C9hdsHW6Yiks3zoeQ'),
(42, 'https://encrypted-tbn0.gstatic.com/images?q=tbn:ANd9GcRQtQPBhOizo-sRXosnbi0Y8v6Yth_1P6ZS8C9hdsHW6Yiks3zoeQ'),
(43, 'https://encrypted-tbn0.gstatic.com/images?q=tbn:ANd9GcRQtQPBhOizo-sRXosnbi0Y8v6Yth_1P6ZS8C9hdsHW6Yiks3zoeQ'),
(44, 'https://encrypted-tbn0.gstatic.com/images?q=tbn:ANd9GcRQtQPBhOizo-sRXosnbi0Y8v6Yth_1P6ZS8C9hdsHW6Yiks3zoeQ'),
(45, 'https://encrypted-tbn0.gstatic.com/images?q=tbn:ANd9GcRQtQPBhOizo-sRXosnbi0Y8v6Yth_1P6ZS8C9hdsHW6Yiks3zoeQ'),
(46, 'https://encrypted-tbn0.gstatic.com/images?q=tbn:ANd9GcRQtQPBhOizo-sRXosnbi0Y8v6Yth_1P6ZS8C9hdsHW6Yiks3zoeQ'),
(47, 'https://encrypted-tbn0.gstatic.com/images?q=tbn:ANd9GcRQtQPBhOizo-sRXosnbi0Y8v6Yth_1P6ZS8C9hdsHW6Yiks3zoeQ'),
(48, 'https://encrypted-tbn0.gstatic.com/images?q=tbn:ANd9GcRQtQPBhOizo-sRXosnbi0Y8v6Yth_1P6ZS8C9hdsHW6Yiks3zoeQ'),
(49, 'https://encrypted-tbn0.gstatic.com/images?q=tbn:ANd9GcRQtQPBhOizo-sRXosnbi0Y8v6Yth_1P6ZS8C9hdsHW6Yiks3zoeQ'),
(50, 'https://encrypted-tbn0.gstatic.com/images?q=tbn:ANd9GcRQtQPBhOizo-sRXosnbi0Y8v6Yth_1P6ZS8C9hdsHW6Yiks3zoeQ'),
(51, 'https://encrypted-tbn0.gstatic.com/images?q=tbn:ANd9GcRQtQPBhOizo-sRXosnbi0Y8v6Yth_1P6ZS8C9hdsHW6Yiks3zoeQ'),
(52, 'https://encrypted-tbn0.gstatic.com/images?q=tbn:ANd9GcRQtQPBhOizo-sRXosnbi0Y8v6Yth_1P6ZS8C9hdsHW6Yiks3zoeQ'),
(53, 'https://encrypted-tbn0.gstatic.com/images?q=tbn:ANd9GcRQtQPBhOizo-sRXosnbi0Y8v6Yth_1P6ZS8C9hdsHW6Yiks3zoeQ'),
(54, 'https://encrypted-tbn0.gstatic.com/images?q=tbn:ANd9GcRQtQPBhOizo-sRXosnbi0Y8v6Yth_1P6ZS8C9hdsHW6Yiks3zoeQ'),
(55, 'https://encrypted-tbn0.gstatic.com/images?q=tbn:ANd9GcRQtQPBhOizo-sRXosnbi0Y8v6Yth_1P6ZS8C9hdsHW6Yiks3zoeQ'),
(56, 'https://encrypted-tbn0.gstatic.com/images?q=tbn:ANd9GcRQtQPBhOizo-sRXosnbi0Y8v6Yth_1P6ZS8C9hdsHW6Yiks3zoeQ'),
(57, 'https://encrypted-tbn0.gstatic.com/images?q=tbn:ANd9GcRQtQPBhOizo-sRXosnbi0Y8v6Yth_1P6ZS8C9hdsHW6Yiks3zoeQ'),
(58, 'https://encrypted-tbn0.gstatic.com/images?q=tbn:ANd9GcRQtQPBhOizo-sRXosnbi0Y8v6Yth_1P6ZS8C9hdsHW6Yiks3zoeQ'),
(59, 'https://encrypted-tbn0.gstatic.com/images?q=tbn:ANd9GcRQtQPBhOizo-sRXosnbi0Y8v6Yth_1P6ZS8C9hdsHW6Yiks3zoeQ'),
(60, 'https://encrypted-tbn0.gstatic.com/images?q=tbn:ANd9GcRQtQPBhOizo-sRXosnbi0Y8v6Yth_1P6ZS8C9hdsHW6Yiks3zoeQ'),
(61, 'https://encrypted-tbn0.gstatic.com/images?q=tbn:ANd9GcRQtQPBhOizo-sRXosnbi0Y8v6Yth_1P6ZS8C9hdsHW6Yiks3zoeQ'),
(62, 'https://encrypted-tbn0.gstatic.com/images?q=tbn:ANd9GcRQtQPBhOizo-sRXosnbi0Y8v6Yth_1P6ZS8C9hdsHW6Yiks3zoeQ'),
(63, 'https://encrypted-tbn0.gstatic.com/images?q=tbn:ANd9GcRQtQPBhOizo-sRXosnbi0Y8v6Yth_1P6ZS8C9hdsHW6Yiks3zoeQ'),
(64, 'https://encrypted-tbn0.gstatic.com/images?q=tbn:ANd9GcRQtQPBhOizo-sRXosnbi0Y8v6Yth_1P6ZS8C9hdsHW6Yiks3zoeQ'),
(65, 'https://encrypted-tbn0.gstatic.com/images?q=tbn:ANd9GcRQtQPBhOizo-sRXosnbi0Y8v6Yth_1P6ZS8C9hdsHW6Yiks3zoeQ'),
(66, 'https://encrypted-tbn0.gstatic.com/images?q=tbn:ANd9GcRQtQPBhOizo-sRXosnbi0Y8v6Yth_1P6ZS8C9hdsHW6Yiks3zoeQ'),
(67, 'https://encrypted-tbn0.gstatic.com/images?q=tbn:ANd9GcRQtQPBhOizo-sRXosnbi0Y8v6Yth_1P6ZS8C9hdsHW6Yiks3zoeQ'),
(68, 'https://encrypted-tbn0.gstatic.com/images?q=tbn:ANd9GcRQtQPBhOizo-sRXosnbi0Y8v6Yth_1P6ZS8C9hdsHW6Yiks3zoeQ'),
(69, 'https://encrypted-tbn0.gstatic.com/images?q=tbn:ANd9GcRQtQPBhOizo-sRXosnbi0Y8v6Yth_1P6ZS8C9hdsHW6Yiks3zoeQ'),
(70, 'https://encrypted-tbn0.gstatic.com/images?q=tbn:ANd9GcRQtQPBhOizo-sRXosnbi0Y8v6Yth_1P6ZS8C9hdsHW6Yiks3zoeQ'),
(71, 'https://encrypted-tbn0.gstatic.com/images?q=tbn:ANd9GcRQtQPBhOizo-sRXosnbi0Y8v6Yth_1P6ZS8C9hdsHW6Yiks3zoeQ'),
(72, 'https://encrypted-tbn0.gstatic.com/images?q=tbn:ANd9GcRQtQPBhOizo-sRXosnbi0Y8v6Yth_1P6ZS8C9hdsHW6Yiks3zoeQ'),
(73, 'https://encrypted-tbn0.gstatic.com/images?q=tbn:ANd9GcRQtQPBhOizo-sRXosnbi0Y8v6Yth_1P6ZS8C9hdsHW6Yiks3zoeQ'),
(74, 'https://encrypted-tbn0.gstatic.com/images?q=tbn:ANd9GcRQtQPBhOizo-sRXosnbi0Y8v6Yth_1P6ZS8C9hdsHW6Yiks3zoeQ'),
(75, 'https://encrypted-tbn0.gstatic.com/images?q=tbn:ANd9GcRQtQPBhOizo-sRXosnbi0Y8v6Yth_1P6ZS8C9hdsHW6Yiks3zoeQ'),
(76, 'https://encrypted-tbn0.gstatic.com/images?q=tbn:ANd9GcRQtQPBhOizo-sRXosnbi0Y8v6Yth_1P6ZS8C9hdsHW6Yiks3zoeQ'),
(77, 'https://encrypted-tbn0.gstatic.com/images?q=tbn:ANd9GcRQtQPBhOizo-sRXosnbi0Y8v6Yth_1P6ZS8C9hdsHW6Yiks3zoeQ'),
(78, 'https://encrypted-tbn0.gstatic.com/images?q=tbn:ANd9GcRQtQPBhOizo-sRXosnbi0Y8v6Yth_1P6ZS8C9hdsHW6Yiks3zoeQ'),
(79, 'https://encrypted-tbn0.gstatic.com/images?q=tbn:ANd9GcRQtQPBhOizo-sRXosnbi0Y8v6Yth_1P6ZS8C9hdsHW6Yiks3zoeQ'),
(80, 'https://encrypted-tbn0.gstatic.com/images?q=tbn:ANd9GcRQtQPBhOizo-sRXosnbi0Y8v6Yth_1P6ZS8C9hdsHW6Yiks3zoeQ'),
(81, 'https://encrypted-tbn0.gstatic.com/images?q=tbn:ANd9GcRQtQPBhOizo-sRXosnbi0Y8v6Yth_1P6ZS8C9hdsHW6Yiks3zoeQ'),
(82, 'https://encrypted-tbn0.gstatic.com/images?q=tbn:ANd9GcRQtQPBhOizo-sRXosnbi0Y8v6Yth_1P6ZS8C9hdsHW6Yiks3zoeQ'),
(83, 'https://encrypted-tbn0.gstatic.com/images?q=tbn:ANd9GcRQtQPBhOizo-sRXosnbi0Y8v6Yth_1P6ZS8C9hdsHW6Yiks3zoeQ'),
(84, 'https://encrypted-tbn0.gstatic.com/images?q=tbn:ANd9GcRQtQPBhOizo-sRXosnbi0Y8v6Yth_1P6ZS8C9hdsHW6Yiks3zoeQ'),
(85, 'https://encrypted-tbn0.gstatic.com/images?q=tbn:ANd9GcRQtQPBhOizo-sRXosnbi0Y8v6Yth_1P6ZS8C9hdsHW6Yiks3zoeQ'),
(86, 'https://encrypted-tbn0.gstatic.com/images?q=tbn:ANd9GcRQtQPBhOizo-sRXosnbi0Y8v6Yth_1P6ZS8C9hdsHW6Yiks3zoeQ'),
(87, 'https://encrypted-tbn0.gstatic.com/images?q=tbn:ANd9GcRQtQPBhOizo-sRXosnbi0Y8v6Yth_1P6ZS8C9hdsHW6Yiks3zoeQ'),
(88, 'https://encrypted-tbn0.gstatic.com/images?q=tbn:ANd9GcRQtQPBhOizo-sRXosnbi0Y8v6Yth_1P6ZS8C9hdsHW6Yiks3zoeQ'),
(89, 'https://encrypted-tbn0.gstatic.com/images?q=tbn:ANd9GcRQtQPBhOizo-sRXosnbi0Y8v6Yth_1P6ZS8C9hdsHW6Yiks3zoeQ'),
(90, 'https://encrypted-tbn0.gstatic.com/images?q=tbn:ANd9GcRQtQPBhOizo-sRXosnbi0Y8v6Yth_1P6ZS8C9hdsHW6Yiks3zoeQ'),
(91, 'https://encrypted-tbn0.gstatic.com/images?q=tbn:ANd9GcRQtQPBhOizo-sRXosnbi0Y8v6Yth_1P6ZS8C9hdsHW6Yiks3zoeQ'),
(92, 'https://encrypted-tbn0.gstatic.com/images?q=tbn:ANd9GcRQtQPBhOizo-sRXosnbi0Y8v6Yth_1P6ZS8C9hdsHW6Yiks3zoeQ'),
(93, 'https://encrypted-tbn0.gstatic.com/images?q=tbn:ANd9GcRQtQPBhOizo-sRXosnbi0Y8v6Yth_1P6ZS8C9hdsHW6Yiks3zoeQ'),
(94, 'https://encrypted-tbn0.gstatic.com/images?q=tbn:ANd9GcRQtQPBhOizo-sRXosnbi0Y8v6Yth_1P6ZS8C9hdsHW6Yiks3zoeQ'),
(95, 'https://encrypted-tbn0.gstatic.com/images?q=tbn:ANd9GcRQtQPBhOizo-sRXosnbi0Y8v6Yth_1P6ZS8C9hdsHW6Yiks3zoeQ'),
(96, 'https://encrypted-tbn0.gstatic.com/images?q=tbn:ANd9GcRQtQPBhOizo-sRXosnbi0Y8v6Yth_1P6ZS8C9hdsHW6Yiks3zoeQ'),
(97, 'https://encrypted-tbn0.gstatic.com/images?q=tbn:ANd9GcRQtQPBhOizo-sRXosnbi0Y8v6Yth_1P6ZS8C9hdsHW6Yiks3zoeQ'),
(98, 'https://encrypted-tbn0.gstatic.com/images?q=tbn:ANd9GcRQtQPBhOizo-sRXosnbi0Y8v6Yth_1P6ZS8C9hdsHW6Yiks3zoeQ'),
(99, 'https://encrypted-tbn0.gstatic.com/images?q=tbn:ANd9GcRQtQPBhOizo-sRXosnbi0Y8v6Yth_1P6ZS8C9hdsHW6Yiks3zoeQ'),
(100, 'https://encrypted-tbn0.gstatic.com/images?q=tbn:ANd9GcRQtQPBhOizo-sRXosnbi0Y8v6Yth_1P6ZS8C9hdsHW6Yiks3zoeQ'),
(101, 'https://encrypted-tbn0.gstatic.com/images?q=tbn:ANd9GcRQtQPBhOizo-sRXosnbi0Y8v6Yth_1P6ZS8C9hdsHW6Yiks3zoeQ'),
(102, 'https://encrypted-tbn0.gstatic.com/images?q=tbn:ANd9GcRQtQPBhOizo-sRXosnbi0Y8v6Yth_1P6ZS8C9hdsHW6Yiks3zoeQ'),
(103, 'https://encrypted-tbn0.gstatic.com/images?q=tbn:ANd9GcRQtQPBhOizo-sRXosnbi0Y8v6Yth_1P6ZS8C9hdsHW6Yiks3zoeQ'),
(104, 'https://encrypted-tbn0.gstatic.com/images?q=tbn:ANd9GcRQtQPBhOizo-sRXosnbi0Y8v6Yth_1P6ZS8C9hdsHW6Yiks3zoeQ'),
(105, 'https://encrypted-tbn0.gstatic.com/images?q=tbn:ANd9GcRQtQPBhOizo-sRXosnbi0Y8v6Yth_1P6ZS8C9hdsHW6Yiks3zoeQ'),
(106, 'https://encrypted-tbn0.gstatic.com/images?q=tbn:ANd9GcRQtQPBhOizo-sRXosnbi0Y8v6Yth_1P6ZS8C9hdsHW6Yiks3zoeQ'),
(107, 'https://encrypted-tbn0.gstatic.com/images?q=tbn:ANd9GcRQtQPBhOizo-sRXosnbi0Y8v6Yth_1P6ZS8C9hdsHW6Yiks3zoeQ'),
(108, 'https://encrypted-tbn0.gstatic.com/images?q=tbn:ANd9GcRQtQPBhOizo-sRXosnbi0Y8v6Yth_1P6ZS8C9hdsHW6Yiks3zoeQ'),
(109, 'https://encrypted-tbn0.gstatic.com/images?q=tbn:ANd9GcRQtQPBhOizo-sRXosnbi0Y8v6Yth_1P6ZS8C9hdsHW6Yiks3zoeQ'),
(110, 'https://encrypted-tbn0.gstatic.com/images?q=tbn:ANd9GcRQtQPBhOizo-sRXosnbi0Y8v6Yth_1P6ZS8C9hdsHW6Yiks3zoeQ'),
(111, 'https://previews.123rf.com/images/roxanabalint/roxanabalint1210/roxanabalint121000034/15745681-r%C3%A9sum%C3%A9-timbre-en-caoutchouc-grunge-avec-le-personnel-seul-texte-%C3%A9crit-%C3%A0-l-int%C3%A9rieur-du-timbre-illustration-.jpg'),
(112, 'https://encrypted-tbn0.gstatic.com/images?q=tbn:ANd9GcRQtQPBhOizo-sRXosnbi0Y8v6Yth_1P6ZS8C9hdsHW6Yiks3zoeQ'),
(113, 'https://encrypted-tbn0.gstatic.com/images?q=tbn:ANd9GcRQtQPBhOizo-sRXosnbi0Y8v6Yth_1P6ZS8C9hdsHW6Yiks3zoeQ'),
(114, 'https://encrypted-tbn0.gstatic.com/images?q=tbn:ANd9GcRQtQPBhOizo-sRXosnbi0Y8v6Yth_1P6ZS8C9hdsHW6Yiks3zoeQ'),
(115, 'https://encrypted-tbn0.gstatic.com/images?q=tbn:ANd9GcRQtQPBhOizo-sRXosnbi0Y8v6Yth_1P6ZS8C9hdsHW6Yiks3zoeQ'),
(116, 'https://encrypted-tbn0.gstatic.com/images?q=tbn:ANd9GcRQtQPBhOizo-sRXosnbi0Y8v6Yth_1P6ZS8C9hdsHW6Yiks3zoeQ'),
(117, 'https://encrypted-tbn0.gstatic.com/images?q=tbn:ANd9GcRQtQPBhOizo-sRXosnbi0Y8v6Yth_1P6ZS8C9hdsHW6Yiks3zoeQ'),
(118, 'https://encrypted-tbn0.gstatic.com/images?q=tbn:ANd9GcRQtQPBhOizo-sRXosnbi0Y8v6Yth_1P6ZS8C9hdsHW6Yiks3zoeQ'),
(119, 'https://encrypted-tbn0.gstatic.com/images?q=tbn:ANd9GcRQtQPBhOizo-sRXosnbi0Y8v6Yth_1P6ZS8C9hdsHW6Yiks3zoeQ'),
(120, 'https://encrypted-tbn0.gstatic.com/images?q=tbn:ANd9GcRQtQPBhOizo-sRXosnbi0Y8v6Yth_1P6ZS8C9hdsHW6Yiks3zoeQ'),
(121, 'https://encrypted-tbn0.gstatic.com/images?q=tbn:ANd9GcRQtQPBhOizo-sRXosnbi0Y8v6Yth_1P6ZS8C9hdsHW6Yiks3zoeQ'),
(122, 'https://encrypted-tbn0.gstatic.com/images?q=tbn:ANd9GcRQtQPBhOizo-sRXosnbi0Y8v6Yth_1P6ZS8C9hdsHW6Yiks3zoeQ'),
(123, 'https://encrypted-tbn0.gstatic.com/images?q=tbn:ANd9GcRQtQPBhOizo-sRXosnbi0Y8v6Yth_1P6ZS8C9hdsHW6Yiks3zoeQ'),
(124, 'https://encrypted-tbn0.gstatic.com/images?q=tbn:ANd9GcRQtQPBhOizo-sRXosnbi0Y8v6Yth_1P6ZS8C9hdsHW6Yiks3zoeQ'),
(125, 'https://encrypted-tbn0.gstatic.com/images?q=tbn:ANd9GcRQtQPBhOizo-sRXosnbi0Y8v6Yth_1P6ZS8C9hdsHW6Yiks3zoeQ'),
(126, 'https://encrypted-tbn0.gstatic.com/images?q=tbn:ANd9GcRQtQPBhOizo-sRXosnbi0Y8v6Yth_1P6ZS8C9hdsHW6Yiks3zoeQ'),
(127, 'https://encrypted-tbn0.gstatic.com/images?q=tbn:ANd9GcRQtQPBhOizo-sRXosnbi0Y8v6Yth_1P6ZS8C9hdsHW6Yiks3zoeQ'),
(128, 'https://encrypted-tbn0.gstatic.com/images?q=tbn:ANd9GcRQtQPBhOizo-sRXosnbi0Y8v6Yth_1P6ZS8C9hdsHW6Yiks3zoeQ'),
(129, 'https://encrypted-tbn0.gstatic.com/images?q=tbn:ANd9GcRQtQPBhOizo-sRXosnbi0Y8v6Yth_1P6ZS8C9hdsHW6Yiks3zoeQ'),
(130, 'https://encrypted-tbn0.gstatic.com/images?q=tbn:ANd9GcRQtQPBhOizo-sRXosnbi0Y8v6Yth_1P6ZS8C9hdsHW6Yiks3zoeQ'),
(131, 'https://encrypted-tbn0.gstatic.com/images?q=tbn:ANd9GcRQtQPBhOizo-sRXosnbi0Y8v6Yth_1P6ZS8C9hdsHW6Yiks3zoeQ'),
(132, 'https://encrypted-tbn0.gstatic.com/images?q=tbn:ANd9GcRQtQPBhOizo-sRXosnbi0Y8v6Yth_1P6ZS8C9hdsHW6Yiks3zoeQ'),
(133, 'https://encrypted-tbn0.gstatic.com/images?q=tbn:ANd9GcRQtQPBhOizo-sRXosnbi0Y8v6Yth_1P6ZS8C9hdsHW6Yiks3zoeQ'),
(134, 'https://encrypted-tbn0.gstatic.com/images?q=tbn:ANd9GcRQtQPBhOizo-sRXosnbi0Y8v6Yth_1P6ZS8C9hdsHW6Yiks3zoeQ'),
(135, 'https://encrypted-tbn0.gstatic.com/images?q=tbn:ANd9GcRQtQPBhOizo-sRXosnbi0Y8v6Yth_1P6ZS8C9hdsHW6Yiks3zoeQ'),
(136, 'https://encrypted-tbn0.gstatic.com/images?q=tbn:ANd9GcRQtQPBhOizo-sRXosnbi0Y8v6Yth_1P6ZS8C9hdsHW6Yiks3zoeQ'),
(137, 'https://encrypted-tbn0.gstatic.com/images?q=tbn:ANd9GcRQtQPBhOizo-sRXosnbi0Y8v6Yth_1P6ZS8C9hdsHW6Yiks3zoeQ'),
(138, 'https://encrypted-tbn0.gstatic.com/images?q=tbn:ANd9GcRQtQPBhOizo-sRXosnbi0Y8v6Yth_1P6ZS8C9hdsHW6Yiks3zoeQ'),
(139, 'https://encrypted-tbn0.gstatic.com/images?q=tbn:ANd9GcRQtQPBhOizo-sRXosnbi0Y8v6Yth_1P6ZS8C9hdsHW6Yiks3zoeQ'),
(140, 'https://encrypted-tbn0.gstatic.com/images?q=tbn:ANd9GcRQtQPBhOizo-sRXosnbi0Y8v6Yth_1P6ZS8C9hdsHW6Yiks3zoeQ'),
(141, 'https://encrypted-tbn0.gstatic.com/images?q=tbn:ANd9GcRQtQPBhOizo-sRXosnbi0Y8v6Yth_1P6ZS8C9hdsHW6Yiks3zoeQ'),
(142, 'https://encrypted-tbn0.gstatic.com/images?q=tbn:ANd9GcRQtQPBhOizo-sRXosnbi0Y8v6Yth_1P6ZS8C9hdsHW6Yiks3zoeQ'),
(143, 'https://encrypted-tbn0.gstatic.com/images?q=tbn:ANd9GcRQtQPBhOizo-sRXosnbi0Y8v6Yth_1P6ZS8C9hdsHW6Yiks3zoeQ'),
(144, 'https://encrypted-tbn0.gstatic.com/images?q=tbn:ANd9GcRQtQPBhOizo-sRXosnbi0Y8v6Yth_1P6ZS8C9hdsHW6Yiks3zoeQ'),
(145, 'https://encrypted-tbn0.gstatic.com/images?q=tbn:ANd9GcRQtQPBhOizo-sRXosnbi0Y8v6Yth_1P6ZS8C9hdsHW6Yiks3zoeQ'),
(146, 'https://encrypted-tbn0.gstatic.com/images?q=tbn:ANd9GcRQtQPBhOizo-sRXosnbi0Y8v6Yth_1P6ZS8C9hdsHW6Yiks3zoeQ'),
(147, 'https://encrypted-tbn0.gstatic.com/images?q=tbn:ANd9GcRQtQPBhOizo-sRXosnbi0Y8v6Yth_1P6ZS8C9hdsHW6Yiks3zoeQ'),
(148, 'https://encrypted-tbn0.gstatic.com/images?q=tbn:ANd9GcRQtQPBhOizo-sRXosnbi0Y8v6Yth_1P6ZS8C9hdsHW6Yiks3zoeQ'),
(149, 'https://encrypted-tbn0.gstatic.com/images?q=tbn:ANd9GcRQtQPBhOizo-sRXosnbi0Y8v6Yth_1P6ZS8C9hdsHW6Yiks3zoeQ'),
(150, 'https://encrypted-tbn0.gstatic.com/images?q=tbn:ANd9GcRQtQPBhOizo-sRXosnbi0Y8v6Yth_1P6ZS8C9hdsHW6Yiks3zoeQ'),
(151, 'https://encrypted-tbn0.gstatic.com/images?q=tbn:ANd9GcRQtQPBhOizo-sRXosnbi0Y8v6Yth_1P6ZS8C9hdsHW6Yiks3zoeQ'),
(152, 'https://encrypted-tbn0.gstatic.com/images?q=tbn:ANd9GcRQtQPBhOizo-sRXosnbi0Y8v6Yth_1P6ZS8C9hdsHW6Yiks3zoeQ'),
(153, 'https://encrypted-tbn0.gstatic.com/images?q=tbn:ANd9GcRQtQPBhOizo-sRXosnbi0Y8v6Yth_1P6ZS8C9hdsHW6Yiks3zoeQ'),
(154, 'https://encrypted-tbn0.gstatic.com/images?q=tbn:ANd9GcRQtQPBhOizo-sRXosnbi0Y8v6Yth_1P6ZS8C9hdsHW6Yiks3zoeQ'),
(155, 'https://encrypted-tbn0.gstatic.com/images?q=tbn:ANd9GcRQtQPBhOizo-sRXosnbi0Y8v6Yth_1P6ZS8C9hdsHW6Yiks3zoeQ'),
(156, 'https://encrypted-tbn0.gstatic.com/images?q=tbn:ANd9GcRQtQPBhOizo-sRXosnbi0Y8v6Yth_1P6ZS8C9hdsHW6Yiks3zoeQ'),
(157, 'https://encrypted-tbn0.gstatic.com/images?q=tbn:ANd9GcRQtQPBhOizo-sRXosnbi0Y8v6Yth_1P6ZS8C9hdsHW6Yiks3zoeQ'),
(158, 'https://encrypted-tbn0.gstatic.com/images?q=tbn:ANd9GcRQtQPBhOizo-sRXosnbi0Y8v6Yth_1P6ZS8C9hdsHW6Yiks3zoeQ'),
(159, 'https://encrypted-tbn0.gstatic.com/images?q=tbn:ANd9GcRQtQPBhOizo-sRXosnbi0Y8v6Yth_1P6ZS8C9hdsHW6Yiks3zoeQ'),
(160, 'https://encrypted-tbn0.gstatic.com/images?q=tbn:ANd9GcRQtQPBhOizo-sRXosnbi0Y8v6Yth_1P6ZS8C9hdsHW6Yiks3zoeQ'),
(161, 'https://encrypted-tbn0.gstatic.com/images?q=tbn:ANd9GcRQtQPBhOizo-sRXosnbi0Y8v6Yth_1P6ZS8C9hdsHW6Yiks3zoeQ'),
(162, 'https://encrypted-tbn0.gstatic.com/images?q=tbn:ANd9GcRQtQPBhOizo-sRXosnbi0Y8v6Yth_1P6ZS8C9hdsHW6Yiks3zoeQ'),
(163, 'https://encrypted-tbn0.gstatic.com/images?q=tbn:ANd9GcRQtQPBhOizo-sRXosnbi0Y8v6Yth_1P6ZS8C9hdsHW6Yiks3zoeQ'),
(164, 'https://encrypted-tbn0.gstatic.com/images?q=tbn:ANd9GcRQtQPBhOizo-sRXosnbi0Y8v6Yth_1P6ZS8C9hdsHW6Yiks3zoeQ'),
(165, 'https://encrypted-tbn0.gstatic.com/images?q=tbn:ANd9GcRQtQPBhOizo-sRXosnbi0Y8v6Yth_1P6ZS8C9hdsHW6Yiks3zoeQ'),
(166, 'https://encrypted-tbn0.gstatic.com/images?q=tbn:ANd9GcRQtQPBhOizo-sRXosnbi0Y8v6Yth_1P6ZS8C9hdsHW6Yiks3zoeQ'),
(167, 'https://encrypted-tbn0.gstatic.com/images?q=tbn:ANd9GcRQtQPBhOizo-sRXosnbi0Y8v6Yth_1P6ZS8C9hdsHW6Yiks3zoeQ'),
(168, 'https://encrypted-tbn0.gstatic.com/images?q=tbn:ANd9GcRQtQPBhOizo-sRXosnbi0Y8v6Yth_1P6ZS8C9hdsHW6Yiks3zoeQ'),
(169, 'https://encrypted-tbn0.gstatic.com/images?q=tbn:ANd9GcRQtQPBhOizo-sRXosnbi0Y8v6Yth_1P6ZS8C9hdsHW6Yiks3zoeQ'),
(170, 'https://encrypted-tbn0.gstatic.com/images?q=tbn:ANd9GcRQtQPBhOizo-sRXosnbi0Y8v6Yth_1P6ZS8C9hdsHW6Yiks3zoeQ'),
(171, 'https://encrypted-tbn0.gstatic.com/images?q=tbn:ANd9GcRQtQPBhOizo-sRXosnbi0Y8v6Yth_1P6ZS8C9hdsHW6Yiks3zoeQ'),
(172, 'https://encrypted-tbn0.gstatic.com/images?q=tbn:ANd9GcRQtQPBhOizo-sRXosnbi0Y8v6Yth_1P6ZS8C9hdsHW6Yiks3zoeQ'),
(173, 'https://encrypted-tbn0.gstatic.com/images?q=tbn:ANd9GcRQtQPBhOizo-sRXosnbi0Y8v6Yth_1P6ZS8C9hdsHW6Yiks3zoeQ'),
(174, 'https://encrypted-tbn0.gstatic.com/images?q=tbn:ANd9GcRQtQPBhOizo-sRXosnbi0Y8v6Yth_1P6ZS8C9hdsHW6Yiks3zoeQ'),
(175, 'https://encrypted-tbn0.gstatic.com/images?q=tbn:ANd9GcRQtQPBhOizo-sRXosnbi0Y8v6Yth_1P6ZS8C9hdsHW6Yiks3zoeQ'),
(176, 'https://encrypted-tbn0.gstatic.com/images?q=tbn:ANd9GcRQtQPBhOizo-sRXosnbi0Y8v6Yth_1P6ZS8C9hdsHW6Yiks3zoeQ'),
(177, 'https://encrypted-tbn0.gstatic.com/images?q=tbn:ANd9GcRQtQPBhOizo-sRXosnbi0Y8v6Yth_1P6ZS8C9hdsHW6Yiks3zoeQ'),
(178, 'https://encrypted-tbn0.gstatic.com/images?q=tbn:ANd9GcRQtQPBhOizo-sRXosnbi0Y8v6Yth_1P6ZS8C9hdsHW6Yiks3zoeQ'),
(179, 'https://encrypted-tbn0.gstatic.com/images?q=tbn:ANd9GcRQtQPBhOizo-sRXosnbi0Y8v6Yth_1P6ZS8C9hdsHW6Yiks3zoeQ'),
(180, 'https://encrypted-tbn0.gstatic.com/images?q=tbn:ANd9GcRQtQPBhOizo-sRXosnbi0Y8v6Yth_1P6ZS8C9hdsHW6Yiks3zoeQ'),
(181, 'https://encrypted-tbn0.gstatic.com/images?q=tbn:ANd9GcRQtQPBhOizo-sRXosnbi0Y8v6Yth_1P6ZS8C9hdsHW6Yiks3zoeQ'),
(182, 'https://encrypted-tbn0.gstatic.com/images?q=tbn:ANd9GcRQtQPBhOizo-sRXosnbi0Y8v6Yth_1P6ZS8C9hdsHW6Yiks3zoeQ'),
(183, 'https://encrypted-tbn0.gstatic.com/images?q=tbn:ANd9GcRQtQPBhOizo-sRXosnbi0Y8v6Yth_1P6ZS8C9hdsHW6Yiks3zoeQ'),
(184, 'https://encrypted-tbn0.gstatic.com/images?q=tbn:ANd9GcRQtQPBhOizo-sRXosnbi0Y8v6Yth_1P6ZS8C9hdsHW6Yiks3zoeQ'),
(185, 'https://encrypted-tbn0.gstatic.com/images?q=tbn:ANd9GcRQtQPBhOizo-sRXosnbi0Y8v6Yth_1P6ZS8C9hdsHW6Yiks3zoeQ'),
(186, 'https://encrypted-tbn0.gstatic.com/images?q=tbn:ANd9GcRQtQPBhOizo-sRXosnbi0Y8v6Yth_1P6ZS8C9hdsHW6Yiks3zoeQ'),
(187, 'https://encrypted-tbn0.gstatic.com/images?q=tbn:ANd9GcRQtQPBhOizo-sRXosnbi0Y8v6Yth_1P6ZS8C9hdsHW6Yiks3zoeQ'),
(188, 'https://encrypted-tbn0.gstatic.com/images?q=tbn:ANd9GcRQtQPBhOizo-sRXosnbi0Y8v6Yth_1P6ZS8C9hdsHW6Yiks3zoeQ'),
(189, 'https://encrypted-tbn0.gstatic.com/images?q=tbn:ANd9GcRQtQPBhOizo-sRXosnbi0Y8v6Yth_1P6ZS8C9hdsHW6Yiks3zoeQ'),
(190, 'https://encrypted-tbn0.gstatic.com/images?q=tbn:ANd9GcRQtQPBhOizo-sRXosnbi0Y8v6Yth_1P6ZS8C9hdsHW6Yiks3zoeQ'),
(191, 'https://encrypted-tbn0.gstatic.com/images?q=tbn:ANd9GcRQtQPBhOizo-sRXosnbi0Y8v6Yth_1P6ZS8C9hdsHW6Yiks3zoeQ'),
(192, 'https://encrypted-tbn0.gstatic.com/images?q=tbn:ANd9GcRQtQPBhOizo-sRXosnbi0Y8v6Yth_1P6ZS8C9hdsHW6Yiks3zoeQ'),
(193, 'https://encrypted-tbn0.gstatic.com/images?q=tbn:ANd9GcRQtQPBhOizo-sRXosnbi0Y8v6Yth_1P6ZS8C9hdsHW6Yiks3zoeQ'),
(194, 'https://encrypted-tbn0.gstatic.com/images?q=tbn:ANd9GcRQtQPBhOizo-sRXosnbi0Y8v6Yth_1P6ZS8C9hdsHW6Yiks3zoeQ'),
(195, 'https://encrypted-tbn0.gstatic.com/images?q=tbn:ANd9GcRQtQPBhOizo-sRXosnbi0Y8v6Yth_1P6ZS8C9hdsHW6Yiks3zoeQ'),
(196, 'https://encrypted-tbn0.gstatic.com/images?q=tbn:ANd9GcRQtQPBhOizo-sRXosnbi0Y8v6Yth_1P6ZS8C9hdsHW6Yiks3zoeQ'),
(197, 'https://encrypted-tbn0.gstatic.com/images?q=tbn:ANd9GcRQtQPBhOizo-sRXosnbi0Y8v6Yth_1P6ZS8C9hdsHW6Yiks3zoeQ'),
(198, 'https://encrypted-tbn0.gstatic.com/images?q=tbn:ANd9GcRQtQPBhOizo-sRXosnbi0Y8v6Yth_1P6ZS8C9hdsHW6Yiks3zoeQ'),
(199, 'https://encrypted-tbn0.gstatic.com/images?q=tbn:ANd9GcRQtQPBhOizo-sRXosnbi0Y8v6Yth_1P6ZS8C9hdsHW6Yiks3zoeQ'),
(200, 'https://encrypted-tbn0.gstatic.com/images?q=tbn:ANd9GcRQtQPBhOizo-sRXosnbi0Y8v6Yth_1P6ZS8C9hdsHW6Yiks3zoeQ');

-- --------------------------------------------------------

--
-- Structure de la table `Staff`
--

CREATE TABLE IF NOT EXISTS `Staff` (
  `IdStaff` int(11) NOT NULL,
  `MotDePasse` varchar(250) CHARACTER SET utf8 COLLATE utf8_unicode_ci NOT NULL
) ENGINE=InnoDB AUTO_INCREMENT=112 DEFAULT CHARSET=latin1;

--
-- Contenu de la table `Staff`
--

INSERT INTO `Staff` (`IdStaff`, `MotDePasse`) VALUES
(1, '0000'),
(111, '0000');

-- --------------------------------------------------------

-
--
-- Structure de la table `VIP`
--

CREATE TABLE IF NOT EXISTS `VIP` (
  `IdVip` int(11) NOT NULL,
  `Coef_imp` int(11) NOT NULL,
  `Type` varchar(250) CHARACTER SET utf8 COLLATE utf8_unicode_ci NOT NULL,
  `IdComp` int(11) NOT NULL,
  `Nationalite` varchar(250) CHARACTER SET utf8 COLLATE utf8_unicode_ci NOT NULL
) ENGINE=InnoDB AUTO_INCREMENT=111 DEFAULT CHARSET=latin1;

--
-- Contenu de la table `VIP`
--

INSERT INTO `VIP` (`IdVip`, `Coef_imp`, `Type`, `IdComp`, `Nationalite`) VALUES
(2, 5, 'test', 5, 'test'),
(3, 9, 'gfdsg', 11, 'gdfsg'),
(4, 10, 'dolor.', 17, 'Northern Mariana Islands'),
(5, 4, 'tellus', 43, 'Aruba'),
(6, 9, 'eu', 55, 'Switzerland'),
(7, 1, 'Sed', 34, 'Italy'),
(8, 7, 'ante', 4, 'India'),
(9, 7, 'a', 36, 'Djibouti'),
(10, 1, 'Nulla', 71, 'Morocco'),
(11, 7, 'mus.', 86, 'Hungary'),
(12, 8, 'nostra,', 32, 'Chile'),
(13, 7, 'Vivamus', 94, 'United States Minor Outlying Islands'),
(14, 8, 'tristique', 91, 'American Samoa'),
(15, 10, 'interdum', 6, 'France'),
(16, 8, 'a', 39, 'Tajikistan'),
(17, 4, 'erat,', 5, 'Guatemala'),
(18, 5, 'montes,', 58, 'Indonesia'),
(19, 3, 'vitae,', 92, 'Philippines'),
(20, 10, 'ultrices,', 28, 'Northern Mariana Islands'),
(21, 10, 'mauris.', 53, 'Switzerland'),
(22, 9, 'Suspendisse', 56, 'Albania'),
(23, 7, 'commodo', 75, 'Bonaire, Sint Eustatius and Saba'),
(24, 6, 'egestas', 49, 'Guyana'),
(25, 9, 'ligula.', 80, 'Antigua and Barbuda'),
(26, 2, 'Mauris', 74, 'India'),
(27, 6, 'non', 79, 'Nicaragua'),
(28, 5, 'eu', 92, 'Solomon Islands'),
(29, 2, 'imperdiet', 52, 'Virgin Islands, British'),
(30, 5, 'cursus.', 36, 'Ghana'),
(31, 4, 'purus.', 53, 'Luxembourg'),
(32, 5, 'eget', 95, 'Honduras'),
(33, 5, 'cursus', 45, 'Senegal'),
(34, 3, 'mollis', 49, 'Saint Helena, Ascension and Tristan da Cunha'),
(35, 3, 'sit', 97, 'Peru'),
(36, 1, 'quis', 7, 'American Samoa'),
(37, 3, 'elit,', 86, 'Marshall Islands'),
(38, 5, 'aptent', 11, 'Congo (Brazzaville)'),
(39, 1, 'nec', 67, 'Vanuatu'),
(40, 6, 'laoreet,', 39, 'Saint Pierre and Miquelon'),
(41, 7, 'In', 57, 'Italy'),
(42, 3, 'non', 67, 'Italy'),
(43, 2, 'Quisque', 97, 'Dominica'),
(44, 9, 'Quisque', 15, 'Germany'),
(45, 3, 'ipsum.', 36, 'Estonia'),
(46, 4, 'ipsum.', 23, 'Bolivia'),
(47, 6, 'orci', 69, 'San Marino'),
(48, 8, 'pede.', 50, 'Afghanistan'),
(49, 7, 'facilisis,', 44, 'Japan'),
(50, 7, 'congue', 32, 'Bermuda'),
(51, 6, 'scelerisque,', 37, 'Madagascar'),
(52, 3, 'quam', 99, 'Qatar'),
(53, 6, 'sem', 62, 'Guam'),
(54, 9, 'et', 61, 'Uganda'),
(55, 2, 'nibh.', 57, 'United States Minor Outlying Islands'),
(56, 9, 'egestas.', 48, 'Mozambique'),
(57, 1, 'mauris', 6, 'Niger'),
(58, 1, 'laoreet,', 53, 'Austria'),
(59, 1, 'nec', 78, 'Georgia'),
(60, 5, 'dapibus', 53, 'Swaziland'),
(61, 4, 'dictum', 58, 'Mexico'),
(62, 7, 'nibh', 27, 'Uganda'),
(63, 4, 'lobortis', 45, 'Libya'),
(64, 4, 'non', 20, 'Heard Island and Mcdonald Islands'),
(65, 7, 'Vivamus', 31, 'Guinea'),
(66, 2, 'eget', 53, 'Marshall Islands'),
(67, 4, 'Morbi', 7, 'China'),
(68, 9, 'Cum', 97, 'France'),
(69, 4, 'Nullam', 8, 'China'),
(70, 1, 'sit', 45, 'Andorra'),
(71, 5, 'montes,', 36, 'Syria'),
(72, 5, 'tempus', 31, 'Macao'),
(73, 7, 'laoreet', 72, 'Latvia'),
(74, 7, 'natoque', 53, 'Turkey'),
(75, 8, 'velit', 97, 'Argentina'),
(76, 9, 'at', 83, 'Dominica'),
(77, 9, 'amet,', 31, 'Slovenia'),
(78, 3, 'mi', 79, 'Belize'),
(79, 4, 'velit.', 25, 'Vanuatu'),
(80, 3, 'pharetra,', 59, 'Jersey'),
(81, 1, 'est', 33, 'Curaçao'),
(82, 7, 'pulvinar', 94, 'Serbia'),
(83, 2, 'ornare', 24, 'Viet Nam'),
(84, 4, 'nunc', 44, 'Argentina'),
(85, 8, 'nec', 19, 'Mayotte'),
(86, 10, 'Ut', 52, 'Andorra'),
(87, 3, 'vestibulum', 86, 'South Sudan'),
(88, 6, 'dui,', 49, 'Germany'),
(89, 8, 'libero', 73, 'Bulgaria'),
(90, 4, 'sed,', 87, 'Tokelau'),
(91, 6, 'velit.', 25, 'Paraguay'),
(92, 4, 'Duis', 78, 'Costa Rica'),
(93, 4, 'elit,', 43, 'Trinidad and Tobago'),
(94, 3, 'elit', 28, 'Egypt'),
(95, 8, 'faucibus', 39, 'Sint Maarten'),
(96, 10, 'velit.', 10, 'Croatia'),
(97, 10, 'mauris', 93, 'Hong Kong'),
(98, 1, 'viverra.', 95, 'Gibraltar'),
(99, 6, 'sollicitudin', 82, 'Swaziland'),
(100, 3, 'metus', 32, 'Brunei'),
(101, 9, 'aliquam', 89, 'Australia'),
(102, 4, 'non,', 70, 'Cambodia'),
(103, 7, 'sit', 93, 'Denmark'),
(104, 2, 'eu', 83, 'Guatemala'),
(105, 1, 'Nunc', 85, 'Philippines'),
(106, 9, 'enim', 32, 'Congo, the Democratic Republic of the'),
(107, 9, 'dolor.', 44, 'Virgin Islands, United States'),
(108, 4, 'eleifend', 26, 'Venezuela'),
(109, 3, 'vitae', 8, 'Mali'),
(110, 7, 'sit', 34, 'Tonga');

-- --------------------------------------------------------


-- Index pour les tables exportées
--

--
-- Index pour la table `Echange`
--
ALTER TABLE `Echange`
  ADD PRIMARY KEY (`IdEchange`);

--


--
-- Index pour la table `Liaison_VIP_Echange`
--
ALTER TABLE `Liaison_VIP_Echange`
  ADD PRIMARY KEY (`IdLiaisonVIP`),
  ADD KEY `IdPers` (`IdPers`),
  ADD KEY `IdPreference` (`IdEchange`),
  ADD KEY `IdStaff` (`IdStaff`);

--
-- Index pour la table `Personne`
--
ALTER TABLE `Personne`
  ADD PRIMARY KEY (`Id_Pers`),
  ADD KEY `IdPhoto` (`Id_Photo`),
  ADD KEY `Id_Photo` (`Id_Photo`);

--
-- Index pour la table `Photo`
--
ALTER TABLE `Photo`
  ADD PRIMARY KEY (`IdPhoto`);

--
-- Index pour la table `Staff`
--
ALTER TABLE `Staff`
  ADD PRIMARY KEY (`IdStaff`);

--

--
-- Index pour la table `VIP`
--
ALTER TABLE `VIP`
  ADD PRIMARY KEY (`IdVip`);



--
-- AUTO_INCREMENT pour les tables exportées
--

--
-- AUTO_INCREMENT pour la table `Echange`
--
ALTER TABLE `Echange`
  MODIFY `IdEchange` int(11) NOT NULL AUTO_INCREMENT,AUTO_INCREMENT=27;
--

--
-
--
-- AUTO_INCREMENT pour la table `Liaison_VIP_Echange`
--
ALTER TABLE `Liaison_VIP_Echange`
  MODIFY `IdLiaisonVIP` int(11) NOT NULL AUTO_INCREMENT,AUTO_INCREMENT=39;
--
-- AUTO_INCREMENT pour la table `Personne`
--
ALTER TABLE `Personne`
  MODIFY `Id_Pers` int(11) NOT NULL AUTO_INCREMENT,AUTO_INCREMENT=201;
--
-- AUTO_INCREMENT pour la table `Photo`
--
ALTER TABLE `Photo`
  MODIFY `IdPhoto` int(11) NOT NULL AUTO_INCREMENT,AUTO_INCREMENT=201;
--
-- AUTO_INCREMENT pour la table `Staff`
--

--
-- AUTO_INCREMENT pour la table `VIP`
--
ALTER TABLE `VIP`
  MODIFY `IdVip` int(11) NOT NULL AUTO_INCREMENT,AUTO_INCREMENT=111;
--

--
-- Contraintes pour les tables exportées
--

--


--
-- Contraintes pour la table `Liaison_VIP_Echange`
--
ALTER TABLE `Liaison_VIP_Echange`
  ADD CONSTRAINT `FK2_IDPERS` FOREIGN KEY (`IdPers`) REFERENCES `Personne` (`Id_Pers`) ON DELETE NO ACTION,
  ADD CONSTRAINT `FK3_IDSTAFF` FOREIGN KEY (`IdStaff`) REFERENCES `Staff` (`IdStaff`) ON DELETE NO ACTION,
  ADD CONSTRAINT `FK_IDECH` FOREIGN KEY (`IdEchange`) REFERENCES `Echange` (`IdEchange`) ON DELETE NO ACTION;

--
-- Contraintes pour la table `Personne`
--
ALTER TABLE `Personne`
  ADD CONSTRAINT `FK_IDPHOTO` FOREIGN KEY (`Id_Photo`) REFERENCES `Photo` (`IdPhoto`) ON DELETE NO ACTION;

--
-- Contraintes pour la table `Staff`
--
ALTER TABLE `Staff`
  ADD CONSTRAINT `FK_IDSTAFF` FOREIGN KEY (`IdStaff`) REFERENCES `Personne` (`Id_Pers`) ON DELETE NO ACTION;

--
-- Contraintes pour la table `VIP`
--
ALTER TABLE `VIP`
  ADD CONSTRAINT `FK_IDVIP` FOREIGN KEY (`IdVip`) REFERENCES `Personne` (`Id_Pers`) ON DELETE NO ACTION;

/*!40101 SET CHARACTER_SET_CLIENT=@OLD_CHARACTER_SET_CLIENT */;
/*!40101 SET CHARACTER_SET_RESULTS=@OLD_CHARACTER_SET_RESULTS */;
/*!40101 SET COLLATION_CONNECTION=@OLD_COLLATION_CONNECTION */;
